row_type,step,update,episode,episode_return,episode_length,loss,policy_loss,value_loss,entropy
episode,82,1,0,-962.992,82,,,,
update,128,1,1,,,33496.09375,-279.24737548828125,67550.71875,1.919313669204712
episode,175,2,1,8.81999999999988,93,,,,
episode,239,2,2,-442.688,64,,,,
update,256,2,3,,,14058.6181640625,-151.0733642578125,28419.416015625,1.6973648071289062
episode,313,3,3,-485.77200000000005,74,,,,
update,384,3,4,,,17599.08984375,-159.50172424316406,35517.22265625,1.8564943075180054
episode,399,4,4,-4.5330000000001505,86,,,,
episode,455,4,5,-916.34,56,,,,
update,512,4,6,,,35259.4375,-337.9278259277344,71194.78125,2.2194039821624756
episode,516,5,6,-216.15700000000004,61,,,,
episode,603,5,7,-430.4050000000001,87,,,,
update,640,5,8,,,15169.3154296875,-143.33724975585938,30625.34375,1.9740822315216064
episode,705,6,8,-434.6619999999998,102,,,,
update,768,6,9,,,10508.357421875,-117.71214294433594,21252.17578125,1.8954261541366577
episode,819,7,9,58.98100000000011,114,,,,
episode,894,7,10,-281.63300000000004,75,,,,
update,896,7,11,,,11434.3349609375,-186.50714111328125,23241.720703125,1.8752657175064087
episode,951,8,11,-249.55299999999994,57,,,,
update,1024,8,12,,,8759.39453125,-39.05070877075195,17596.927734375,1.8509551286697388
episode,1029,9,12,92.08999999999995,78,,,,
episode,1119,9,13,-286.02000000000004,90,,,,
update,1152,9,14,,,9316.4755859375,-90.26216125488281,18813.513671875,1.9321832656860352
episode,1196,10,14,-214.503,77,,,,
update,1280,10,15,,,8996.53515625,-55.05647659301758,18103.224609375,2.006845474243164
episode,1294,11,15,-429.12299999999993,98,,,,
episode,1372,11,16,-81.41100000000009,78,,,,
update,1408,11,17,,,15279.5712890625,-104.87737274169922,30768.93359375,1.811743140220642
episode,1451,12,17,-0.039000000000115165,79,,,,
episode,1529,12,18,-249.05200000000005,78,,,,
update,1536,12,19,,,10028.513671875,-138.1339111328125,20333.33203125,1.8357816934585571
episode,1657,13,19,206.13999999999987,128,,,,
update,1664,13,20,,,4726.94970703125,24.16029167175293,9405.6162109375,1.8626108169555664
episode,1729,14,20,-330.179,72,,,,
update,1792,14,21,,,11379.982421875,-116.55117797851562,22993.1015625,1.7601299285888672
episode,1805,15,21,-78.24899999999995,76,,,,
episode,1876,15,22,-170.29499999999996,71,,,,
update,1920,15,23,,,6376.35546875,-49.435550689697266,12851.6181640625,1.8190734386444092
episode,1973,16,23,-536.7180000000002,97,,,,
update,2048,16,24,,,15959.94921875,-108.15003204345703,32136.234375,1.8031268119812012
episode,2081,17,24,-605.4570000000001,108,,,,
episode,2166,17,25,-475.81800000000004,85,,,,
update,2176,17,26,,,32011.111328125,-339.9246520996094,64702.109375,2.0319766998291016
episode,2267,18,26,-1203.744,101,,,,
update,2304,18,27,,,41674.94140625,-274.20904541015625,83898.34375,1.9298046827316284
episode,2337,19,27,-972.5599999999998,70,,,,
update,2432,19,28,,,33828.109375,-176.7165069580078,68009.6875,1.7684295177459717
episode,2448,20,28,-187.4839999999998,111,,,,
episode,2550,20,29,-54.29300000000015,102,,,,
update,2560,20,30,,,12583.93359375,-96.7017593383789,25361.306640625,1.8044425249099731
episode,2614,21,30,-631.577,64,,,,
update,2688,21,31,,,19538.29296875,-129.0417022705078,39334.703125,1.6814062595367432
episode,2713,22,31,-181.48500000000007,99,,,,
update,2816,22,32,,,6379.2353515625,-14.153757095336914,12786.8134765625,1.764567494392395
episode,2821,23,32,123.41499999999996,108,,,,
episode,2913,23,33,-979.7480000000002,92,,,,
update,2944,23,34,,,33047.03125,-248.4302215576172,66590.953125,1.6979317665100098
episode,3034,24,34,-750.8310000000002,121,,,,
update,3072,24,35,,,30596.568359375,-213.10751342773438,61619.38671875,1.6791235208511353
episode,3102,25,35,-832.9970000000001,68,,,,
episode,3192,25,36,-610.19,90,,,,
update,3200,25,37,,,45509.609375,-351.958251953125,91723.171875,1.8519344329833984
episode,3277,26,37,-1140.6909999999998,85,,,,
update,3328,26,38,,,45113.453125,-199.0831298828125,90625.1015625,1.7019102573394775
episode,3371,27,38,-401.781,94,,,,
update,3456,27,39,,,51365.3515625,-412.0753479003906,103554.8828125,1.649320363998413
episode,3457,28,39,-1106.8859999999997,86,,,,
episode,3547,28,40,-1289.2130000000002,90,,,,
update,3584,28,41,,,56030.28125,-207.04429626464844,112474.6796875,1.5906676054000854
episode,3622,29,41,-369.8140000000002,75,,,,
update,3712,29,42,,,16406.060546875,-151.14080810546875,33114.4375,1.6953083276748657
episode,3721,30,42,-807.0760000000001,99,,,,
episode,3834,30,43,-150.26299999999998,113,,,,
update,3840,30,44,,,15555.861328125,-64.13509368896484,31240.021484375,1.4828362464904785
episode,3932,31,44,-867.2199999999999,98,,,,
update,3968,31,45,,,35319.515625,-176.47084045410156,70992.0078125,1.6715292930603027
episode,4054,32,45,-933.993,122,,,,
update,4096,32,46,,,39647.01171875,-164.4058380126953,79622.8671875,1.5505285263061523
episode,4170,33,46,-860.208,116,,,,
update,4224,33,47,,,36249.6328125,-122.25991821289062,72743.8203125,1.4033221006393433
episode,4264,34,47,-814.0500000000001,94,,,,
update,4352,34,48,,,26963.09765625,-181.1379852294922,54288.50390625,1.5849487781524658
episode,4386,35,48,-709.891,122,,,,
update,4480,35,49,,,12417.2880859375,-112.55127716064453,25059.708984375,1.4641060829162598
episode,4503,36,49,-732.896,117,,,,
update,4608,36,50,,,8268.3203125,5.859043598175049,16524.947265625,1.311851978302002
episode,4652,37,50,-437.10900000000004,149,,,,
update,4736,37,51,,,23792.1171875,-110.65640258789062,47805.57421875,1.4515491724014282
episode,4751,38,51,-765.2960000000002,99,,,,
episode,4854,38,52,-914.382,103,,,,
update,4864,38,53,,,38086.69921875,-217.7178497314453,76608.859375,1.361808180809021
episode,4938,39,53,-1247.7499999999998,84,,,,
update,4992,39,54,,,46395.33984375,-137.3764190673828,93065.453125,1.3533473014831543
episode,5038,40,54,-1278.648,100,,,,
update,5120,40,55,,,51786.16015625,-116.13211059570312,103804.609375,1.2723368406295776
episode,5169,41,55,68.7030000000001,131,,,,
update,5248,41,56,,,3910.592529296875,3.1457321643829346,7814.919921875,1.3256425857543945
episode,5282,42,56,-252.9840000000001,113,,,,
episode,5375,42,57,-995.4809999999998,93,,,,
update,5376,42,58,,,29095.314453125,-208.2261962890625,58607.109375,1.3916898965835571
episode,5480,43,58,-994.442,105,,,,
update,5504,43,59,,,35545.328125,-104.43022155761719,71299.5390625,1.3299996852874756
episode,5559,44,59,-595.4480000000001,79,,,,
update,5632,44,60,,,15205.4482421875,-62.27138900756836,30535.46484375,1.2672150135040283
episode,5642,45,60,-153.06400000000008,83,,,,
episode,5733,45,61,-741.4010000000001,91,,,,
update,5760,45,62,,,23989.90625,-77.57978057861328,48135.0,1.3251266479492188
episode,5806,46,62,-403.277,73,,,,
update,5888,46,63,,,10163.0537109375,-66.64327239990234,20459.419921875,1.3176395893096924
episode,5902,47,63,-340.9330000000001,96,,,,
episode,6009,47,64,-1013.327,107,,,,
update,6016,47,65,,,35603.20703125,-169.17498779296875,71544.7890625,1.3587138652801514
episode,6092,48,65,-685.6249999999999,83,,,,
update,6144,48,66,,,17972.91796875,-94.49201202392578,36134.84375,1.248732566833496
episode,6151,49,66,-249.5780000000001,59,,,,
episode,6231,49,67,-631.6539999999999,80,,,,
update,6272,49,68,,,19028.888671875,-60.67253112792969,38179.1484375,1.4291094541549683
episode,6347,50,68,-95.74600000000011,116,,,,
update,6400,50,69,,,5998.41845703125,11.019325256347656,11974.8212890625,1.1673613786697388
episode,6409,51,69,-78.46300000000004,62,,,,
episode,6519,51,70,-56.33199999999999,110,,,,
update,6528,51,71,,,4990.0068359375,-2.3643980026245117,9984.7666015625,1.217769980430603
episode,6634,52,71,-249.19599999999986,115,,,,
update,6656,52,72,,,5344.4951171875,-27.78945541381836,10744.5908203125,1.070574164390564
episode,6727,53,72,-184.988,93,,,,
update,6784,53,73,,,5913.623046875,18.74148941040039,11789.78515625,1.1022906303405762
episode,6799,54,73,-220.67899999999997,72,,,,
episode,6897,54,74,-188.31800000000015,98,,,,
update,6912,54,75,,,8839.7763671875,-18.619028091430664,17716.81640625,1.238486647605896
episode,7039,55,75,-279.4929999999999,142,,,,
update,7040,55,76,,,8413.259765625,-27.28285026550293,16881.103515625,0.9175142049789429
episode,7161,56,76,-735.8129999999996,122,,,,
update,7168,56,77,,,15308.7421875,-87.18775939941406,30791.880859375,1.1125563383102417
episode,7273,57,77,-146.88000000000017,112,,,,
update,7296,57,78,,,5137.689453125,-10.528528213500977,10296.455078125,0.992732048034668
episode,7378,58,78,-225.24500000000006,105,,,,
update,7424,58,79,,,7971.52294921875,15.317122459411621,15912.431640625,0.968454122543335
episode,7515,59,79,-227.3839999999999,137,,,,
update,7552,59,80,,,3030.013427734375,-34.35563278198242,6128.755859375,0.8795005679130554
episode,7677,60,80,-311.7389999999998,162,,,,
update,7680,60,81,,,3304.638916015625,-29.930217742919922,6669.1533203125,0.7532696723937988
episode,7766,61,81,-385.0479999999997,89,,,,
update,7808,61,82,,,9568.166015625,-26.834617614746094,19190.01953125,0.9272334575653076
update,7936,62,82,,,1404.6317138671875,-2.490414619445801,2814.25634765625,0.6127899885177612
episode,8035,63,82,-528.5790000000003,269,,,,
update,8064,63,83,,,1848.636474609375,-7.271469593048096,3711.824951171875,0.45145201683044434
update,8192,64,83,,,1610.1256103515625,-1.5875582695007324,3223.434326171875,0.40624693036079407
episode,8201,65,83,-229.77799999999985,166,,,,
update,8320,65,84,,,619.9806518554688,9.438619613647461,1221.096923828125,0.6428565979003906
update,8448,66,84,,,2375.151123046875,-12.203521728515625,4774.712890625,0.17293334007263184
update,8576,67,84,,,3680.071044921875,-6.3945393562316895,7372.93212890625,0.04733128100633621
update,8704,68,84,,,3345.53515625,-0.07919200509786606,6691.228515625,0.008669909089803696
episode,8708,69,84,-2109.4319999999916,507,,,,
update,8832,69,85,,,1024.587890625,17.09206199645996,2015.0006103515625,0.4518607258796692
update,8960,70,85,,,2451.234130859375,-0.7093973755836487,4903.88818359375,0.05575549229979515
update,9088,71,85,,,860.9453735351562,-1.9215093851089478,1725.73486328125,0.05788172781467438
episode,9206,72,85,-1423.2119999999857,498,,,,
update,9216,72,86,,,607.3858642578125,-1.6603727340698242,1218.0965576171875,0.2039107233285904
update,9344,73,86,,,596.75244140625,13.180830955505371,1167.156982421875,0.6919434666633606
update,9472,74,86,,,1812.6724853515625,-6.480356693267822,3638.307373046875,0.0801943689584732
update,9600,75,86,,,754.365966796875,-0.14971841871738434,1509.031982421875,0.028459226712584496
episode,9717,76,86,-1383.4019999999878,511,,,,
update,9728,76,87,,,1290.578857421875,-0.01613898202776909,2581.1923828125,0.1249890848994255
update,9856,77,87,,,1121.2861328125,0.40963640809059143,2241.76025390625,0.36541175842285156
update,9984,78,87,,,956.225830078125,-1.4531217813491821,1915.3592529296875,0.06670154631137848
update,10112,79,87,,,1684.19140625,-0.06917749345302582,3368.521484375,0.014801975339651108
episode,10236,80,87,-1718.9299999999948,519,,,,
update,10240,80,88,,,1782.065185546875,-3.3109536170959473,3570.75341796875,0.06096728891134262
update,10368,81,88,,,1540.3505859375,5.451438903808594,3069.8056640625,0.36637774109840393
update,10496,82,88,,,499.6217041015625,-1.9781463146209717,1003.2008056640625,0.054014652967453
update,10624,83,88,,,2104.71484375,-5.842854022979736,4221.11572265625,0.017811859026551247
update,10752,84,88,,,1732.83203125,-2.25116229057312,3470.16650390625,0.0045492216013371944
episode,10755,85,88,-1929.439999999994,519,,,,
update,10880,85,89,,,1153.9578857421875,15.401602745056152,2277.121826171875,0.464702308177948
update,11008,86,89,,,2546.70654296875,-3.967878818511963,5101.349609375,0.03807985037565231
update,11136,87,89,,,1216.228515625,-0.019489195197820663,2432.49609375,0.0034701968543231487
episode,11260,88,89,-1852.6619999999912,505,,,,
update,11264,88,90,,,1590.39990234375,-0.12738767266273499,3181.0556640625,0.054842960089445114
update,11392,89,90,,,344.6563415527344,7.525568962097168,674.2689819335938,0.37121737003326416
update,11520,90,90,,,1285.101806640625,-3.771775484085083,2577.747802734375,0.034165382385253906
update,11648,91,90,,,1126.9793701171875,-1.5766751766204834,2257.11279296875,0.040618374943733215
update,11776,92,90,,,534.3546752929688,-0.006316289305686951,1068.721923828125,0.0018486687913537025
episode,11777,93,90,-1409.4969999999953,517,,,,
update,11904,93,91,,,483.07757568359375,-2.988412857055664,972.1369018554688,0.24692709743976593
update,12032,94,91,,,772.0574340820312,-1.9438096284866333,1548.0052490234375,0.1399874985218048
update,12160,95,91,,,403.4980773925781,-0.977949321269989,808.953369140625,0.06600815057754517
update,12288,96,91,,,2532.993896484375,-1.4828112125396729,5068.95361328125,0.00297156791202724
episode,12297,97,91,-1918.0009999999852,520,,,,
update,12416,97,92,,,1305.3131103515625,5.966572284698486,2598.701416015625,0.41570189595222473
update,12544,98,92,,,1164.2352294921875,-5.981401443481445,2340.435546875,0.10994450002908707
update,12672,99,92,,,338.65045166015625,-0.6416357159614563,678.58544921875,0.06258150935173035
update,12800,100,92,,,979.608154296875,-3.0869250297546387,1965.3907470703125,0.03262603282928467
episode,12812,101,92,-1472.2650000000062,515,,,,
update,12928,101,93,,,763.773681640625,-2.439027786254883,1532.43017578125,0.23791787028312683
update,13056,102,93,,,1430.8779296875,-0.22578220069408417,2862.208251953125,0.04127078503370285
update,13184,103,93,,,864.983642578125,-1.1614525318145752,1732.2919921875,0.08894230425357819
update,13312,104,93,,,845.8936157226562,-0.09378020465373993,1691.97509765625,0.01708817481994629
episode,13318,105,93,-2063.5860000000152,506,,,,
update,13440,105,94,,,769.0181274414062,1.609663963317871,1534.8221435546875,0.26099440455436707
update,13568,106,94,,,2123.686767578125,-4.7866692543029785,4256.947265625,0.02459874376654625
update,13696,107,94,,,841.18115234375,-0.1455548256635666,1682.6539306640625,0.023924196138978004
update,13824,108,94,,,366.6288146972656,-0.010207507759332657,733.278076171875,0.00400229636579752
episode,13828,109,94,-1777.1739999999834,510,,,,
update,13952,109,95,,,1359.6700439453125,2.433018445968628,2714.478271484375,0.20230431854724884
update,14080,110,95,,,622.1018676757812,-0.05252472683787346,1244.30908203125,0.010726635344326496
update,14208,111,95,,,729.4607543945312,-0.10016410797834396,1459.1221923828125,0.018477968871593475
update,14336,112,95,,,910.1317749023438,-0.04154996946454048,1820.3468017578125,0.008550146594643593
episode,14339,113,95,-1906.287000000011,511,,,,
update,14464,113,96,,,998.615966796875,1.9195064306259155,1993.39697265625,0.20424582064151764
update,14592,114,96,,,1587.8583984375,-0.07211878895759583,3175.861328125,0.012942393310368061
update,14720,115,96,,,713.0218505859375,-0.07800093293190002,1426.199951171875,0.014808451756834984
update,14848,116,96,,,638.7383422851562,-0.09072766453027725,1277.658447265625,0.015665847808122635
episode,14853,117,96,-1976.4370000000163,514,,,,
update,14976,117,97,,,1761.4041748046875,2.7139992713928223,3517.384765625,0.22243504226207733
update,15104,118,97,,,903.6876220703125,-0.0387059710919857,1807.452880859375,0.009518739767372608
update,15232,119,97,,,502.7438049316406,-0.041532836854457855,1005.5708618164062,0.009808200411498547
update,15360,120,97,,,398.4006042480469,-0.07028192281723022,796.942138671875,0.017256127670407295
episode,15364,121,97,-1826.295000000013,511,,,,
update,15488,121,98,,,1197.565673828125,-0.09860098361968994,2395.33154296875,0.14495760202407837
update,15616,122,98,,,963.9220581054688,-0.047573938965797424,1927.939453125,0.011651216074824333
update,15744,123,98,,,640.65234375,-0.06637711077928543,1281.437744140625,0.014497900381684303
episode,15864,124,98,-1975.5020000000156,500,,,,
update,15872,124,99,,,2834.152099609375,-0.04795079305768013,5668.4013671875,0.08091633766889572
update,16000,125,99,,,950.06689453125,-0.23575758934020996,1900.608154296875,0.14060358703136444
update,16128,126,99,,,688.4144287109375,-0.07342223823070526,1376.97607421875,0.01647859811782837
update,16256,127,99,,,307.11260986328125,-0.0274835042655468,614.2804565429688,0.012096364051103592
episode,16382,128,99,-2171.148000000014,518,,,,
update,16384,128,100,,,4878.14404296875,2.4631593227386475,9751.3623046875,0.03676217421889305
update,16512,129,100,,,337.6156005859375,-0.03281711786985397,675.3009033203125,0.20539924502372742
update,16640,130,100,,,415.73663330078125,-1.2832331657409668,834.0408935546875,0.05699910968542099
update,16768,131,100,,,486.8751220703125,-0.06651991605758667,973.8836669921875,0.018441809341311455
update,16896,132,100,,,364.96722412109375,-0.19989028573036194,730.3350219726562,0.03999590501189232
episode,16901,133,100,-1716.6489999999822,519,,,,
update,17024,133,101,,,2186.357177734375,0.16640707850456238,4372.38671875,0.2671145796775818
update,17152,134,101,,,907.8571166992188,-2.9812543392181396,1821.677490234375,0.035006433725357056
update,17280,135,101,,,287.21722412109375,-0.001141993678174913,574.4367065429688,0.00042551601654849946
update,17408,136,101,,,156.71348571777344,-0.006681473925709724,313.4403991699219,0.0034178770147264004
episode,17418,137,101,-1952.7119999999886,517,,,,
update,17536,137,102,,,3065.174560546875,-0.3592163622379303,6131.0703125,0.14328064024448395
update,17664,138,102,,,1256.2197265625,-3.7260324954986572,2519.893310546875,0.08243171870708466
update,17792,139,102,,,599.9476318359375,-1.6723535060882568,1203.2401123046875,0.008131643757224083
update,17920,140,102,,,94.09620666503906,-0.001149037852883339,188.19473266601562,0.0009416531538590789
episode,17922,141,102,-1782.1109999999949,504,,,,
update,18048,141,103,,,1637.8780517578125,-1.574355959892273,3278.909912109375,0.26116663217544556
update,18176,142,103,,,609.6998291015625,-0.29323169589042664,1219.9866943359375,0.030629072338342667
update,18304,143,103,,,575.691162109375,-0.11272142827510834,1151.608154296875,0.017459092661738396
update,18432,144,103,,,650.615478515625,-0.013690088875591755,1301.25830078125,0.0027347481809556484
episode,18441,145,103,-1761.5969999999932,519,,,,
update,18560,145,104,,,5240.36669921875,0.5646786689758301,10479.6083984375,0.1829814314842224
update,18688,146,104,,,1048.3450927734375,0.7795152068138123,2095.13232421875,0.05795040354132652
update,18816,147,104,,,415.98455810546875,-0.137698233127594,832.2451171875,0.03167441487312317
episode,18940,148,104,-1601.6769999999985,499,,,,
update,18944,148,105,,,6097.2666015625,-0.2570183277130127,12195.046875,0.015729332342743874
update,19072,149,105,,,1113.164306640625,0.7226101160049438,2224.88671875,0.17110183835029602
update,19200,150,105,,,447.4391174316406,-0.2546953558921814,895.389892578125,0.11354317516088486
update,19328,151,105,,,611.2396240234375,-1.304647445678711,1225.0889892578125,0.025945231318473816
update,19456,152,105,,,321.0556945800781,-0.0012833263026550412,642.114013671875,0.0024444686714559793
episode,19457,153,105,-1971.4819999999913,517,,,,
update,19584,153,106,,,742.6155395507812,-0.9505142569541931,1487.1361083984375,0.20074795186519623
update,19712,154,106,,,1539.0858154296875,-4.7036519050598145,3087.58056640625,0.08167175948619843
update,19840,155,106,,,181.2653350830078,-0.0385126993060112,362.6083068847656,0.03046315535902977
episode,19968,156,106,-1972.2809999999863,511,,,,
update,19968,156,107,,,3573.277587890625,10.540092468261719,7125.4755859375,0.03026442602276802
update,20096,157,107,,,533.2996826171875,-1.3212676048278809,1069.2462158203125,0.2116217315196991
update,20224,158,107,,,807.3995971679688,-0.12844732403755188,1615.05810546875,0.10232514142990112
update,20352,159,107,,,1155.5767822265625,0.39881637692451477,2310.35693359375,0.051789164543151855
update,20480,160,107,,,244.88839721679688,-0.0,489.77679443359375,1.072916049338346e-07
episode,20494,161,107,-1762.7919999999906,526,,,,
update,20608,161,108,,,8269.57421875,2.9218411445617676,16533.30859375,0.19790904223918915
update,20736,162,108,,,2007.7689208984375,-0.6241457462310791,4016.786865234375,0.03621841222047806
update,20864,163,108,,,307.2970886230469,-1.0762155397969764e-06,614.5941772460938,5.019227501179557e-06
update,20992,164,108,,,206.18746948242188,-9.675031833467074e-07,412.37493896484375,2.6552045255812118e-06
episode,21012,165,108,-1918.4229999999918,518,,,,
update,21120,165,109,,,7089.21240234375,4.800199031829834,14168.8271484375,0.1444353610277176
update,21248,166,109,,,2424.010498046875,-0.574813187122345,4849.1708984375,0.018911955878138542
update,21376,167,109,,,401.3810729980469,-0.003030449850484729,802.7681884765625,0.0006547982338815928
update,21504,168,109,,,281.9315185546875,-2.3249372134159785e-06,563.863037109375,1.6901962226256728e-05
episode,21543,169,109,-1562.7739999999933,531,,,,
update,21632,169,110,,,5546.98583984375,2.3965811729431152,11089.18359375,0.25097689032554626
update,21760,170,110,,,918.9942016601562,-0.028699379414319992,1838.04638671875,0.03259386867284775
update,21888,171,110,,,481.462890625,-0.0016251015476882458,962.9290771484375,0.0025340639986097813
update,22016,172,110,,,401.6849060058594,-0.00012030021753162146,803.3700561523438,5.527066605282016e-05
episode,22070,173,110,-1313.1389999999944,527,,,,
update,22144,173,111,,,9444.72265625,0.3695884943008423,18888.7109375,0.1771349012851715
update,22272,174,111,,,3731.122802734375,-1.655861735343933,7465.5576171875,0.025004880502820015
update,22400,175,111,,,598.1465454101562,-0.0009129068348556757,1196.294921875,0.00019123945094179362
update,22528,176,111,,,83.5042495727539,3.1550680432701483e-06,167.0084991455078,2.713599315029569e-05
episode,22587,177,111,-1712.362999999993,517,,,,
update,22656,177,112,,,5187.97900390625,2.5690419673919678,10370.8251953125,0.22894775867462158
update,22784,178,112,,,808.7023315429688,-0.030800068750977516,1617.466796875,0.022175690159201622
update,22912,179,112,,,279.8030700683594,-8.295241423184052e-05,559.6063232421875,7.318390998989344e-05
update,23040,180,112,,,337.38134765625,-0.0015399365220218897,674.7657470703125,0.0003351331106387079
episode,23109,181,112,-1712.6409999999926,522,,,,
update,23168,181,113,,,4181.5078125,-0.7755619883537292,8364.5693359375,0.14930923283100128
update,23296,182,113,,,1698.7166748046875,-0.1383894979953766,3397.71044921875,0.016420401632785797
update,23424,183,113,,,362.5429382324219,-0.0002547673648223281,725.0863647460938,9.222098015015945e-05
update,23552,184,113,,,1236.853271484375,-12.456619262695312,2498.619873046875,0.0002554758684709668
episode,23601,185,113,-1672.8129999999926,492,,,,
update,23680,185,114,,,8499.17578125,-1.100392460823059,17000.5546875,0.08633808046579361
update,23808,186,114,,,2380.8125,-0.5520802140235901,4762.7294921875,0.022741680964827538
update,23936,187,114,,,760.205322265625,-6.672599556623027e-05,1520.4107666015625,5.03294104419183e-05
update,24064,188,114,,,209.70330810546875,-0.0,419.4066162109375,8.201780588024121e-07
episode,24112,189,114,-1703.3339999999923,511,,,,
update,24192,189,115,,,8205.1328125,2.34680438041687,16405.57421875,0.10952076315879822
update,24320,190,115,,,2145.07666015625,-1.5332286357879639,4293.2197265625,0.008586466312408447
update,24448,191,115,,,226.35169982910156,-2.753004082478583e-05,452.7034606933594,1.5624604202457704e-05
update,24576,192,115,,,352.0424499511719,-7.831273251213133e-06,704.0848999023438,6.137541276984848e-06
episode,24629,193,115,-1457.371999999994,517,,,,
update,24704,193,116,,,7638.82373046875,0.6291041374206543,15276.3916015625,0.08376797288656235
update,24832,194,116,,,1955.5885009765625,-3.2302608489990234,3917.638671875,0.06296952068805695
update,24960,195,116,,,344.58990478515625,-0.0,689.1798095703125,1.2728586398225161e-06
update,25088,196,116,,,239.03994750976562,-1.1965174962824676e-05,478.0799255371094,5.331005013431422e-06
episode,25146,197,116,-1667.4189999999924,517,,,,
update,25216,197,117,,,7111.37890625,3.7407660484313965,14215.279296875,0.1268402338027954
update,25344,198,117,,,1439.9725341796875,-0.7418073415756226,2881.429443359375,0.03528057411313057
update,25472,199,117,,,378.1496887207031,-1.0541871233726852e-05,756.2993774414062,5.565710580412997e-06
update,25600,200,117,,,131.75015258789062,-0.0,263.50030517578125,9.120778088345105e-08
episode,25669,201,117,-1922.6489999999926,523,,,,
update,25728,201,118,,,8306.35546875,-0.10795670747756958,16612.9296875,0.09655490517616272
update,25856,202,118,,,1842.3843994140625,-1.7747677564620972,3688.31982421875,0.07150149345397949
update,25984,203,118,,,207.0880126953125,-4.039423401991371e-06,414.176025390625,3.6944422845408553e-06
update,26112,204,118,,,181.05953979492188,-0.0,362.11907958984375,1.385963628308673e-06
episode,26196,205,118,-1597.7139999999924,527,,,,
update,26240,205,119,,,7763.06298828125,1.138749361038208,15523.8505859375,0.0821220874786377
update,26368,206,119,,,535.5205078125,4.099050045013428,1062.845703125,0.14340372383594513
update,26496,207,119,,,782.9644165039062,-1.4864845275878906,1568.902587890625,0.03492777794599533
update,26624,208,119,,,102.42127990722656,-0.0,204.84255981445312,8.768412129711578e-08
episode,26721,209,119,-1298.7899999999954,525,,,,
update,26752,209,120,,,4889.71826171875,-1.9998160600662231,9783.4375,0.04590573161840439
update,26880,210,120,,,2311.298095703125,0.7247248888015747,4621.14892578125,0.10198161005973816
update,27008,211,120,,,1006.3139038085938,0.8274462819099426,2010.9732666015625,0.020007966086268425
update,27136,212,120,,,213.293212890625,-0.0,426.58642578125,4.927010195387993e-07
episode,27240,213,120,-1858.139999999991,519,,,,
update,27264,213,121,,,8409.0283203125,-1.8949756622314453,16821.84765625,0.06696221232414246
update,27392,214,121,,,1245.173583984375,0.37626320123672485,2489.59521484375,0.02182757668197155
update,27520,215,121,,,540.8216552734375,-0.0009552505216561258,1081.645263671875,0.00039863059646449983
update,27648,216,121,,,321.5155029296875,-0.00492097670212388,643.0408325195312,0.0013798793079331517
episode,27764,217,121,-1322.431999999993,524,,,,
update,27776,217,122,,,3125.145263671875,-0.22145086526870728,6250.73486328125,0.06403613835573196
update,27904,218,122,,,979.9498901367188,-0.12552380561828613,1960.1534423828125,0.12992534041404724
update,28032,219,122,,,1484.3223876953125,-0.0008806218975223601,2968.646484375,0.0017564643640071154
update,28160,220,122,,,218.48863220214844,-0.0008609470096416771,436.97900390625,0.0015296621713787317
episode,28286,221,122,-1627.5339999999928,522,,,,
update,28288,221,123,,,5024.34033203125,0.014645086601376534,10048.6513671875,0.014017801731824875
update,28416,222,123,,,552.5884399414062,-1.201356291770935,1107.58251953125,0.14710485935211182
update,28544,223,123,,,917.9109497070312,-0.049903154373168945,1835.9219970703125,0.01039833016693592
update,28672,224,123,,,81.94032287597656,-0.004855657462030649,163.89051818847656,0.008664662018418312
update,28800,225,123,,,146.8910675048828,-0.02538633532822132,293.8331298828125,0.011258892714977264
episode,28813,226,123,-1687.8869999999927,527,,,,
update,28928,226,124,,,5372.4697265625,4.3287248611450195,10736.2861328125,0.2131679207086563
episode,28975,227,124,-424.31000000000006,162,,,,
update,29056,227,125,,,3562.690185546875,6.968931674957275,7111.44677734375,0.22952523827552795
update,29184,228,125,,,1655.7608642578125,-3.3316104412078857,3318.18603515625,0.05116531625390053
update,29312,229,125,,,194.2561492919922,-0.07639224827289581,388.66552734375,0.022242160513997078
episode,29426,230,125,-1477.3039999999949,451,,,,
update,29440,230,126,,,4625.4921875,24.48179817199707,9202.0224609375,0.08136527240276337
update,29568,231,126,,,1068.172119140625,3.270179510116577,2129.8076171875,0.18334579467773438
episode,29592,232,126,-340.5540000000001,166,,,,
update,29696,232,127,,,1839.749267578125,-2.572370767593384,3684.6474609375,0.21040737628936768
update,29824,233,127,,,2048.09619140625,-3.925906181335449,4104.04541015625,0.052205298095941544
episode,29827,234,127,-507.7090000000002,235,,,,
update,29952,234,128,,,1338.4595947265625,5.418288707733154,2666.0869140625,0.21708376705646515
episode,30031,235,128,-289.7069999999997,204,,,,
update,30080,235,129,,,2080.578857421875,11.86962890625,4137.42333984375,0.249663844704628
update,30208,236,129,,,1174.43115234375,-0.8042492866516113,2350.47314453125,0.1218942180275917
episode,30219,237,129,-511.09400000000016,188,,,,
update,30336,237,130,,,1555.1456298828125,4.794249534606934,3100.70703125,0.20526322722434998
update,30464,238,130,,,1284.913818359375,-3.8499197959899902,2577.529296875,0.08821102976799011
episode,30500,239,130,-536.791000000001,281,,,,
update,30592,239,131,,,2034.8388671875,9.74256420135498,4050.19775390625,0.25929415225982666
episode,30657,240,131,-304.24899999999974,157,,,,
update,30720,240,132,,,2919.41943359375,-2.67635440826416,5844.19677734375,0.2641408145427704
episode,30831,241,132,-219.87600000000003,174,,,,
update,30848,241,133,,,2530.362548828125,-1.7965810298919678,5064.32275390625,0.23015786707401276
episode,30969,242,133,-439.0589999999999,138,,,,
update,30976,242,134,,,3766.093017578125,-0.23833656311035156,7532.6669921875,0.2094268947839737
update,31104,243,134,,,1374.6607666015625,-0.7809526920318604,2750.88720703125,0.17989887297153473
episode,31115,244,134,-354.69600000000014,146,,,,
update,31232,244,135,,,1372.38232421875,13.020790100097656,2718.73095703125,0.3865302801132202
episode,31360,245,135,-187.05699999999985,245,,,,
update,31360,245,136,,,2713.647216796875,-0.6139101386070251,5428.5234375,0.03937722370028496
update,31488,246,136,,,1928.9102783203125,10.058691024780273,3837.712158203125,0.4551059305667877
episode,31514,247,136,-199.25099999999975,154,,,,
update,31616,247,137,,,1806.6552734375,15.231924057006836,3582.853515625,0.3373009264469147
episode,31680,248,137,-114.71699999999981,166,,,,
update,31744,248,138,,,1245.40576171875,0.4432264268398285,2489.92822265625,0.15332205593585968
update,31872,249,138,,,4682.77587890625,-1.225767731666565,9368.00390625,0.032380007207393646
episode,31882,250,138,-484.67199999999997,202,,,,
update,32000,250,139,,,2335.278564453125,4.247140407562256,4662.06591796875,0.15672822296619415
episode,32006,251,139,-436.6280000000004,124,,,,
update,32128,251,140,,,3143.066162109375,-1.5752369165420532,6289.2900390625,0.3779070973396301
episode,32170,252,140,-199.40699999999987,164,,,,
update,32256,252,141,,,1591.9254150390625,13.782485008239746,3156.2919921875,0.311015784740448
episode,32337,253,141,-139.7979999999999,167,,,,
update,32384,253,142,,,2189.89453125,3.056784152984619,4373.6826171875,0.3567256033420563
episode,32491,254,142,-146.16699999999997,154,,,,
update,32512,254,143,,,2793.143310546875,-7.850291728973389,5601.99365234375,0.3272341787815094
update,32640,255,143,,,1214.190673828125,2.5305533409118652,2423.326416015625,0.30066102743148804
episode,32654,256,143,-175.11199999999982,163,,,,
update,32768,256,144,,,7144.9833984375,-12.977287292480469,14315.9306640625,0.4938201308250427
episode,32771,257,144,-324.81600000000003,117,,,,
episode,32889,257,145,-160.86900000000003,118,,,,
update,32896,257,146,,,4417.53662109375,-0.5834935307502747,8836.25,0.4831487834453583
episode,33011,258,146,-280.0069999999999,122,,,,
update,33024,258,147,,,6788.2412109375,-11.872879981994629,13600.236328125,0.3885957598686218
episode,33096,259,147,-68.80900000000005,85,,,,
update,33152,259,148,,,2812.01318359375,10.517548561096191,5603.0009765625,0.4851490259170532
episode,33199,260,148,-424.608,103,,,,
update,33280,260,149,,,10163.0791015625,-19.300636291503906,20364.76953125,0.502119243144989
episode,33294,261,149,-294.1460000000001,95,,,,
episode,33407,261,150,-153.71999999999989,113,,,,
update,33408,261,151,,,8910.4794921875,-8.397106170654297,17837.765625,0.5538920760154724
update,33536,262,151,,,2460.910888671875,3.3945798873901367,4915.041015625,0.4166487753391266
episode,33557,263,151,-184.5589999999999,150,,,,
update,33664,263,152,,,2545.98388671875,4.71751594543457,5082.5361328125,0.17634353041648865
episode,33677,264,152,-64.04400000000021,120,,,,
update,33792,264,153,,,1711.4306640625,5.783215522766113,3411.3017578125,0.3419199287891388
episode,33820,265,153,-285.5659999999998,143,,,,
update,33920,265,154,,,1810.1646728515625,10.142877578735352,3600.050537109375,0.3464210033416748
episode,33967,266,154,-165.15400000000017,147,,,,
update,34048,266,155,,,1963.4989013671875,2.884411334991455,3921.23193359375,0.14403624832630157
update,34176,267,155,,,1879.6368408203125,-10.896086692810059,3781.06640625,0.027163363993167877
episode,34212,268,155,-398.2489999999998,245,,,,
update,34304,268,156,,,2247.034912109375,-2.34061598777771,4498.7529296875,0.0955258309841156
episode,34378,269,156,-600.3239999999996,166,,,,
update,34432,269,157,,,4220.38671875,13.342020988464355,8414.095703125,0.27302491664886475
episode,34514,270,157,-289.066,136,,,,
update,34560,270,158,,,2267.845947265625,-2.2290265560150146,4540.1552734375,0.27129217982292175
episode,34685,271,158,-370.70799999999963,171,,,,
update,34688,271,159,,,1713.869873046875,-0.03375392407178879,3427.80810546875,0.03554936870932579
update,34816,272,159,,,3971.7978515625,-0.3549533784389496,7944.3076171875,0.09172903746366501
episode,34851,273,159,-379.3319999999996,166,,,,
update,34944,273,160,,,1157.81103515625,2.1672816276550293,2311.29248046875,0.2454383224248886
episode,34978,274,160,-333.976,127,,,,
update,35072,274,161,,,2154.64111328125,-3.732300043106079,4316.74951171875,0.11585426330566406
episode,35187,275,161,-469.73400000000004,209,,,,
update,35200,275,162,,,5251.4375,0.23998446762561798,10502.396484375,0.07072204351425171
update,35328,276,162,,,1571.9718017578125,1.6037265062332153,3140.73779296875,0.08522479981184006
update,35456,277,162,,,885.8704833984375,-2.8055557777406648e-05,1771.740966796875,2.154951471311506e-05
episode,35467,278,162,-670.8170000000023,280,,,,
update,35584,278,163,,,2446.642333984375,1.4607354402542114,4890.36669921875,0.16588738560676575
update,35712,279,163,,,2119.359130859375,-0.05353690683841705,4238.8251953125,0.0020837257616221905
episode,35745,280,163,-650.4449999999999,278,,,,
update,35840,280,164,,,2110.76220703125,-0.0006714509800076485,4221.52783203125,0.10566578805446625
episode,35910,281,164,-474.55899999999997,165,,,,
update,35968,281,165,,,2462.81494140625,2.170544147491455,4921.29150390625,0.14638209342956543
episode,36056,282,165,-405.2049999999997,146,,,,
update,36096,282,166,,,4023.87060546875,0.32145339250564575,8047.1005859375,0.12020286917686462
update,36224,283,166,,,1215.1669921875,0.38271069526672363,2429.569580078125,0.047198839485645294
episode,36254,284,166,-384.9209999999999,198,,,,
update,36352,284,167,,,1775.7449951171875,2.6573519706726074,3546.177734375,0.12321507930755615
update,36480,285,167,,,3501.14453125,-1.5752513408660889,7005.43994140625,0.01778869889676571
episode,36499,286,167,-575.1220000000004,245,,,,
update,36608,286,168,,,3748.712646484375,1.199730634689331,7495.02880859375,0.13616201281547546
episode,36735,287,168,-535.4609999999997,236,,,,
update,36736,287,169,,,1572.36328125,0.10356251150369644,3144.52001953125,0.019640576094388962
update,36864,288,169,,,1506.56591796875,1.5967247486114502,3009.94091796875,0.12027939409017563
episode,36963,289,169,-499.92500000000086,228,,,,
update,36992,289,170,,,2676.252685546875,2.615163803100586,5347.27734375,0.1186884194612503
update,37120,290,170,,,2201.30419921875,-0.6025772094726562,4403.818359375,0.24458399415016174
episode,37146,291,170,-421.99800000000016,183,,,,
update,37248,291,171,,,1963.805908203125,0.9551824331283569,3925.7041015625,0.1341637521982193
episode,37321,292,171,-390.48699999999985,175,,,,
update,37376,292,172,,,3294.16064453125,-1.9917948246002197,6592.3076171875,0.14652825891971588
update,37504,293,172,,,1678.07470703125,-0.015445111319422722,3356.1806640625,0.01649489626288414
episode,37546,294,172,-580.8019999999995,225,,,,
update,37632,294,173,,,1826.6226806640625,1.6370933055877686,3649.973388671875,0.10477831959724426
episode,37702,295,173,-390.2489999999999,156,,,,
update,37760,295,174,,,2117.673095703125,-2.154397964477539,4239.65771484375,0.1464327871799469
episode,37853,296,174,-429.717,151,,,,
update,37888,296,175,,,3079.75537109375,1.3657675981521606,6156.78173828125,0.13199594616889954
update,38016,297,175,,,1041.438232421875,0.509490966796875,2081.857666015625,0.01752302050590515
episode,38032,298,175,-435.46500000000003,179,,,,
update,38144,298,176,,,4198.54931640625,2.0769054889678955,8392.947265625,0.1576985865831375
episode,38268,299,176,-466.69099999999986,236,,,,
update,38272,299,177,,,3175.25048828125,-1.052995204925537,6352.60791015625,0.05939439684152603
update,38400,300,177,,,1696.796875,2.591301918029785,3388.4140625,0.1497766077518463
episode,38485,301,177,-540.6530000000007,217,,,,
update,38528,301,178,,,5456.37548828125,-0.7536063194274902,10914.2607421875,0.14535179734230042
episode,38639,302,178,-394.23799999999983,154,,,,
update,38656,302,179,,,2596.976806640625,-0.14203119277954102,5194.24072265625,0.1466921865940094
update,38784,303,179,,,1546.479736328125,0.013002078980207443,3092.933837890625,0.01982092298567295
episode,38897,304,179,-637.7390000000017,258,,,,
update,38912,304,180,,,2332.0009765625,-0.9758428931236267,4665.95556640625,0.09088001400232315
update,39040,305,180,,,2769.3837890625,2.17934513092041,5534.4091796875,0.024539019912481308
episode,39066,306,180,-499.38799999999986,169,,,,
update,39168,306,181,,,1572.970947265625,0.3056336045265198,3145.33203125,0.07811149209737778
episode,39211,307,181,-385.269,145,,,,
update,39296,307,182,,,3342.181884765625,-0.3062881827354431,6684.97802734375,0.07427923381328583
episode,39389,308,182,-475.1389999999999,178,,,,
update,39424,308,183,,,3031.026123046875,2.242626428604126,6057.56982421875,0.15480093657970428
update,39552,309,183,,,1591.4876708984375,-2.6257379055023193,3188.231689453125,0.2404482066631317
episode,39644,310,183,-470.2589999999998,255,,,,
update,39680,310,184,,,1488.7320556640625,-0.48128199577331543,2978.4287109375,0.09923315048217773
update,39808,311,184,,,2384.71240234375,0.6743543148040771,4768.0771484375,0.04530774801969528
episode,39811,312,184,-474.96399999999977,167,,,,
update,39936,312,185,,,2646.37744140625,0.43095070123672485,5291.89599609375,0.14211098849773407
episode,39998,313,185,-361.9389999999997,187,,,,
update,40064,313,186,,,1201.6846923828125,-0.966982364654541,2405.304931640625,0.07930085808038712
episode,40178,314,186,-375.20300000000026,180,,,,
update,40192,314,187,,,8726.4287109375,-5.777592658996582,17464.4140625,0.11378702521324158
update,40320,315,187,,,1340.06884765625,3.8639438152313232,2672.412109375,0.11372674256563187
episode,40371,316,187,-445.65600000000023,193,,,,
update,40448,316,188,,,2109.0732421875,-0.010337915271520615,4218.16845703125,0.07585567981004715
update,40576,317,188,,,6857.955078125,-2.244767904281616,13720.400390625,0.06466705352067947
episode,40628,318,188,-631.0659999999998,257,,,,
update,40704,318,189,,,2574.984375,-1.3276265859603882,5152.62646484375,0.12054921686649323
episode,40769,319,189,-454.0769999999999,141,,,,
update,40832,319,190,,,2881.842041015625,-0.6445155143737793,5764.97509765625,0.1062893494963646
update,40960,320,190,,,3631.38427734375,0.03491590917110443,7262.69873046875,0.0033970563672482967
episode,40969,321,190,-554.9070000000004,200,,,,
update,41088,321,191,,,3090.238525390625,-1.7224165201187134,6183.92333984375,0.08123473078012466
episode,41127,322,191,-489.89300000000026,158,,,,
update,41216,322,192,,,3486.834228515625,1.3509622812271118,6970.9677734375,0.07360272109508514
episode,41292,323,192,-489.56,165,,,,
update,41344,323,193,,,3951.37939453125,-0.7319682836532593,7904.224609375,0.08715640008449554
update,41472,324,193,,,1259.9210205078125,1.0052093267440796,2517.83251953125,0.05338409170508385
episode,41522,325,193,-507.28099999999995,230,,,,
update,41600,325,194,,,1440.676513671875,2.51206636428833,2876.3310546875,0.10640910267829895
episode,41692,326,194,-394.36799999999977,170,,,,
update,41728,326,195,,,3730.60693359375,-1.2060298919677734,7463.62841796875,0.13156937062740326
update,41856,327,195,,,1377.6990966796875,0.26879000663757324,2754.86181640625,0.056258365511894226
episode,41883,328,195,-446.1619999999999,191,,,,
update,41984,328,196,,,2123.75439453125,0.32738959789276123,4246.8564453125,0.11039189994335175
episode,42060,329,196,-465.43900000000014,177,,,,
update,42112,329,197,,,4266.60888671875,-0.8410210609436035,8534.900390625,0.05208183079957962
update,42240,330,197,,,2766.925537109375,-0.45779845118522644,5534.76708984375,0.026616893708705902
episode,42301,331,197,-550.3470000000011,241,,,,
update,42368,331,198,,,2454.33837890625,1.1408029794692993,4906.39599609375,0.055753305554389954
episode,42492,332,198,-579.7109999999996,191,,,,
update,42496,332,199,,,4450.4765625,-3.356722354888916,8907.66796875,0.04134853929281235
update,42624,333,199,,,1501.15234375,2.9580373764038086,2996.39013671875,0.07665688544511795
episode,42690,334,199,-561.3220000000006,198,,,,
update,42752,334,200,,,4300.9423828125,5.61966609954834,8590.6484375,0.15061412751674652
episode,42877,335,200,-409.54900000000004,187,,,,
update,42880,335,201,,,1663.65478515625,-1.140974521636963,3329.593017578125,0.06825987249612808
update,43008,336,201,,,1030.430419921875,2.020236015319824,2056.822998046875,0.13846904039382935
episode,43040,337,201,-400.094,163,,,,
update,43136,337,202,,,3566.17919921875,6.738720417022705,7118.8828125,0.0932391807436943
episode,43224,338,202,-504.73400000000004,184,,,,
update,43264,338,203,,,2681.137939453125,-0.8114839792251587,5363.900390625,0.06366262584924698
episode,43365,339,203,-364.06899999999985,141,,,,
update,43392,339,204,,,3358.929931640625,1.6304502487182617,6714.60107421875,0.10931497067213058
update,43520,340,204,,,1603.6693115234375,1.8783828020095825,3203.58251953125,0.033953674137592316
episode,43549,341,204,-420.11799999999994,184,,,,
update,43648,341,205,,,1438.2392578125,-0.22787432372570038,2876.935791015625,0.07037372142076492
update,43776,342,205,,,3156.872314453125,-0.014319771900773048,6313.7734375,0.002199384616687894
episode,43784,343,205,-514.9799999999999,235,,,,
episode,43903,343,206,-455.6959999999999,119,,,,
update,43904,343,207,,,5465.70654296875,-2.051783561706543,10935.517578125,0.05642634630203247
update,44032,344,207,,,3245.6416015625,-1.2609379291534424,6493.806640625,0.0823812484741211
update,44160,345,207,,,3921.28173828125,-0.017656924203038216,7842.5986328125,0.0006686559645459056
episode,44264,346,207,-852.6519999999971,361,,,,
update,44288,346,208,,,2976.9482421875,0.8483954071998596,5952.20166015625,0.10431251674890518
episode,44399,347,208,-334.0139999999999,135,,,,
update,44416,347,209,,,1949.9945068359375,-0.044100306928157806,3900.0791015625,0.1026856005191803
episode,44526,348,209,-481.8679999999997,127,,,,
update,44544,348,210,,,5766.57666015625,0.36969757080078125,11532.4150390625,0.07209303230047226
update,44672,349,210,,,2324.69921875,4.694231986999512,4640.0126953125,0.15150538086891174
episode,44714,350,210,-484.6050000000009,188,,,,
update,44800,350,211,,,3030.20556640625,1.3146014213562012,6057.783203125,0.08204761147499084
episode,44844,351,211,-408.89699999999993,130,,,,
update,44928,351,212,,,4794.373046875,0.03656061366200447,9588.6748046875,0.1090673953294754
episode,45030,352,212,-514.5599999999997,186,,,,
update,45056,352,213,,,3164.244140625,-1.2217955589294434,6330.93310546875,0.0743679404258728
episode,45176,353,213,-349.12199999999996,146,,,,
update,45184,353,214,,,4192.35546875,0.542212724685669,8383.62890625,0.09586828947067261
update,45312,354,214,,,1124.9840087890625,5.429013252258301,2239.1142578125,0.20796403288841248
episode,45366,355,214,-424.5289999999999,190,,,,
update,45440,355,215,,,1945.63818359375,3.4988973140716553,3884.281005859375,0.12803201377391815
episode,45527,356,215,-379.2879999999997,161,,,,
update,45568,356,216,,,3723.19482421875,4.9178385734558105,7436.55712890625,0.13925877213478088
update,45696,357,216,,,1940.2401123046875,-1.070479393005371,3882.622314453125,0.056810200214385986
episode,45712,358,216,-460.5129999999997,185,,,,
update,45824,358,217,,,1193.286376953125,1.8918706178665161,2382.792724609375,0.17986628413200378
update,45952,359,217,,,1543.201904296875,-1.5629122257232666,3089.52978515625,0.014516870491206646
episode,45973,360,217,-561.1769999999997,261,,,,
update,46080,360,218,,,3860.40625,0.300459086894989,7720.21533203125,0.20567405223846436
episode,46183,361,218,-495.8249999999999,210,,,,
update,46208,361,219,,,1751.2177734375,-2.0952115058898926,3506.627685546875,0.08960629999637604
update,46336,362,219,,,3375.851318359375,0.6461067199707031,6750.4111328125,0.013474670238792896
episode,46359,363,219,-465.4410000000002,176,,,,
update,46464,363,220,,,4800.74365234375,2.71683669090271,9596.05859375,0.2510412931442261
episode,46552,364,220,-364.66699999999975,193,,,,
update,46592,364,221,,,2386.005126953125,-4.690776348114014,4781.39453125,0.13894915580749512
episode,46687,365,221,-489.64999999999975,135,,,,
update,46720,365,222,,,5079.978515625,-5.00363302230835,10169.966796875,0.1362660974264145
update,46848,366,222,,,3583.160400390625,-1.1240789890289307,7168.5693359375,0.030035357922315598
episode,46889,367,222,-391.71299999999997,202,,,,
update,46976,367,223,,,3766.846435546875,2.554929733276367,7528.5859375,0.13548707962036133
episode,47004,368,223,-385.56299999999965,115,,,,
update,47104,368,224,,,2208.184326171875,0.5672011971473694,4415.236328125,0.10233200341463089
episode,47181,369,224,-379.79399999999964,177,,,,
update,47232,369,225,,,3589.178955078125,-3.6654210090637207,7185.69384765625,0.2350379079580307
update,47360,370,225,,,2533.955078125,2.576324462890625,5062.7587890625,0.07584341615438461
episode,47372,371,225,-340.7379999999999,191,,,,
update,47488,371,226,,,2679.649658203125,-2.247060775756836,5363.7958984375,0.12715962529182434
episode,47540,372,226,-454.3169999999997,168,,,,
update,47616,372,227,,,2278.3349609375,0.4802456498146057,4555.71142578125,0.09345473349094391
episode,47717,373,227,-475.1920000000007,177,,,,
update,47744,373,228,,,9631.318359375,-2.5508596897125244,19267.740234375,0.09067236632108688
episode,47852,374,228,-490.2129999999996,135,,,,
update,47872,374,229,,,5444.99755859375,-0.7573323845863342,10891.51171875,0.07982219010591507
update,48000,375,229,,,4188.93994140625,-5.932809352874756,8389.74609375,0.04516055807471275
episode,48017,376,229,-323.1279999999998,165,,,,
update,48128,376,230,,,3025.65380859375,5.55984354019165,6040.193359375,0.2573699951171875
episode,48193,377,230,-294.91499999999996,176,,,,
update,48256,377,231,,,3771.8076171875,-10.937618255615234,7565.4951171875,0.24598613381385803
episode,48350,378,231,-355.3699999999999,157,,,,
update,48384,378,232,,,3699.13330078125,-3.506495475769043,7405.2822265625,0.118700310587883
episode,48496,379,232,-474.17999999999995,146,,,,
update,48512,379,233,,,3817.450927734375,2.5290939807891846,7629.8466796875,0.1457817405462265
update,48640,380,233,,,2597.857421875,3.2797915935516357,5189.15869140625,0.15978436172008514
episode,48668,381,233,-301.77199999999993,172,,,,
update,48768,381,234,,,2874.395751953125,0.058844566345214844,5748.6767578125,0.14959174394607544
episode,48890,382,234,-505.5180000000005,222,,,,
update,48896,382,235,,,4243.94189453125,0.6258533596992493,8486.6328125,0.042923446744680405
update,49024,383,235,,,1453.1685791015625,2.7280774116516113,2900.88427734375,0.1533520668745041
episode,49076,384,235,-442.2199999999998,186,,,,
update,49152,384,236,,,1487.06982421875,3.4810543060302734,2967.181640625,0.20739249885082245
episode,49227,385,236,-420.59000000000003,151,,,,
update,49280,385,237,,,4788.5087890625,-0.6002426743507385,9578.2216796875,0.1718645840883255
episode,49340,386,237,-459.7409999999999,113,,,,
update,49408,386,238,,,2670.349853515625,4.090025424957275,5332.52197265625,0.1260187029838562
episode,49522,387,238,-514.531,182,,,,
update,49536,387,239,,,2073.9658203125,-1.887361764907837,4151.70751953125,0.05343707650899887
update,49664,388,239,,,3768.152587890625,0.477894127368927,7535.349609375,0.010092214681208134
episode,49681,389,239,-469.24799999999993,159,,,,
update,49792,389,240,,,2088.94287109375,0.56553715467453,4176.7578125,0.15074020624160767
episode,49879,390,240,-484.66999999999973,198,,,,
update,49920,390,241,,,1475.8167724609375,2.804549217224121,2946.026123046875,0.08018545061349869
update,50000,391,241,,,566.52587890625,0.01896025612950325,1133.013916015625,0.0030923127196729183
